{"LinearRegression": 17.320261483925446, "RandomForest": 17.37578329592824, "XGBoost": 19.305274772279287, "LightGBM": 19.376145004011242}